Sample,Section,Master Strat,Strat Height Adjusted,Strat Height,d18O,d13C,Ampl44,Original.Wt,target.wt,target.wt.factor,reweigh,no.carb,reweigh0.5,Original Sheet,Average d18O,Average d13C,Bulk Age,Section Lat,Section Long,Site Section
22PB02,PB,,,,-16.27,-6.56,3346.67,174,249.56,1.43,FALSE,FALSE,FALSE,2024 Nov 15,-16.27,-6.56,,,,
4S 19.0,4S,169,169,19,-9.55,-4.51,6104.56,364,286.21,0.79,FALSE,FALSE,FALSE,2024 Oct 19,,,13.7,35.25311713,-106.8810949,AB
4S 23.2,4S,173.2,173.2,23.2,-9.76,-4.85,5846.78,366,300.47,0.82,FALSE,FALSE,FALSE,2024 Oct 19,,,13.7,35.25311713,-106.8810949,AB
4S 23.7,4S,173.7,173.7,23.7,-8.58,-4.4,4792.56,357,357.55,1,FALSE,FALSE,FALSE,2024 Oct 3,,,13.7,35.25311713,-106.8810949,AB
4S 32.0,4S,182,182,32,-8.95,-4.56,5073.11,341,322.64,0.95,FALSE,FALSE,FALSE,2024 Oct 3,,,13.7,35.25311713,-106.8810949,AB
4S 36.1,4S,186.1,186.1,36.1,-9.08,-4.86,5392.89,356,316.86,0.89,FALSE,FALSE,FALSE,2024 Oct 3,,,13.7,35.25311713,-106.8810949,AB
4S 37.5b,4S,187.5,187.5,37.5,-8.63,-4.46,4374.22,333,365.41,1.1,FALSE,FALSE,FALSE,2024 Oct 19,,,13.7,35.25311713,-106.8810949,AB
4S 45.9,4S,195.9,195.9,45.9,-8.62,-5.2,6928,385,266.74,0.69,TRUE,FALSE,FALSE,2024 Oct 3,,,13.7,35.25311713,-106.8810949,AB
4S 45.9b,4S,195.9,195.9,45.9,-15.08,-8.74,68.14,347,24442.77,70.44,TRUE,TRUE,TRUE,2024 Oct 19,,,13.7,35.25311713,-106.8810949,AB
4S 48.2,4S,198.2,198.2,48.2,-8.77,-4.31,6454.67,367,272.92,0.74,TRUE,FALSE,FALSE,2024 Oct 3,,,13.7,35.25311713,-106.8810949,AB
4S 48.5,4S,198.5,198.5,48.5,-9.27,-5.02,3837.56,381,476.55,1.25,FALSE,FALSE,FALSE,2024 Oct 3,,,13.7,35.25311713,-106.8810949,AB
4S 49.5,4S,199.5,199.5,49.5,-8.98,-4.62,5699.44,346,291.4,0.84,FALSE,FALSE,FALSE,2024 Oct 3,,,13.7,35.25311713,-106.8810949,AB
4S 82.9,4S,232.9,232.9,82.9,-8.41,-5.24,4248.22,358,404.5,1.13,FALSE,FALSE,FALSE,2024 Oct 3,,,13.7,35.25311713,-106.8810949,AB
AB 0.5,AB,0.5,0.5,0.5,-10.88,-4.49,4052.78,360,426.37,1.18,FALSE,FALSE,FALSE,2024 Apr 04,,,18.1,35.282145,-106.87762,AB
AB 10.1,AB,10.1,10.1,10.1,-11.03,-4.55,4889.44,349,342.62,0.98,FALSE,FALSE,FALSE,2024 Nov 07,,,18.1,35.282145,-106.87762,AB
AB 11.7,AB,11.7,11.7,11.7,-11.42,-5.33,152.56,358,11264.09,31.46,TRUE,TRUE,TRUE,2024 Oct 3,,,18.1,35.282145,-106.87762,AB
AB 13.1,AB,13.1,13.1,13.1,-7.77,-1.59,377.67,362,4600.88,12.71,TRUE,TRUE,TRUE,2024 Apr 04,,,18.1,35.282145,-106.87762,AB
AB 13.3,AB,13.3,13.3,13.3,-9.69,-4.31,2872.44,369,616.62,1.67,TRUE,FALSE,FALSE,2024 Oct 19,,,18.1,35.282145,-106.87762,AB
AB 14.6,AB,14.6,14.6,14.6,-10.76,-4.04,4204.33,289,329.95,1.14,FALSE,FALSE,FALSE,2024 Mar 08,,,18.1,35.282145,-106.87762,AB
AB 2.3,AB,2.3,2.3,2.3,-11.66,-5.52,4255.22,615,693.74,1.13,FALSE,FALSE,FALSE,2024 Nov 19,-11.66,-5.52,18.1,35.282145,-106.87762,AB
AB 21.8,AB,21.8,21.8,21.8,-9.79,-4.53,4047.22,342,405.61,1.19,FALSE,FALSE,FALSE,2024 Nov 07,,,18.1,35.282145,-106.87762,AB
AB 22.5,AB,22.5,22.5,22.5,-10.24,-4.97,4357.56,365,402.06,1.1,FALSE,FALSE,FALSE,2024 Oct 3,,,18.1,35.282145,-106.87762,AB
AB 24.2,AB,24.2,24.2,24.2,-10.8,-4.64,3145.22,300,457.84,1.53,TRUE,FALSE,FALSE,2024 Mar 08,,,18.1,35.282145,-106.87762,AB
AB 3.1,AB,3.1,3.1,3.1,-10.87,-5.41,4698,348,355.56,1.02,FALSE,FALSE,FALSE,2024 Nov 07,,,18.1,35.282145,-106.87762,AB
AB 32.5,AB,32.5,32.5,32.5,-8.9,-5.36,160.44,297,8885.32,29.92,TRUE,TRUE,TRUE,2024 Mar 08,,,18.1,35.282145,-106.87762,AB
AB 32.7,AB,32.7,32.7,32.7,-7.62,-4.33,4770.22,359,361.24,1.01,FALSE,FALSE,FALSE,2024 Nov 07,,,18.1,35.282145,-106.87762,AB
AB 33.0,AB,33,33,33,-5.67,-4.44,5843.22,337,276.83,0.82,FALSE,FALSE,FALSE,2024 Nov 07,,,18.1,35.282145,-106.87762,AB
AB 4.2,AB,4.2,4.2,4.2,-11.49,-4.36,5657.89,367,311.35,0.85,FALSE,FALSE,FALSE,2024 Nov 07,,,18.1,35.282145,-106.87762,AB
AB 41.5,AB,41.5,41.5,41.5,-11.52,-4.7,3265.56,340,499.76,1.47,TRUE,FALSE,FALSE,2024 Apr 04,-11.555,-4.735,18.1,35.282145,-106.87762,AB
AB 41.5,AB,41.5,41.5,41.5,-11.59,-4.77,2764.22,368,639.02,1.74,TRUE,FALSE,FALSE,2024 Oct 3,-11.555,-4.735,18.1,35.282145,-106.87762,AB
AB 44.6a,AB,,,44.6,-10.78,-5.32,6142.78,338,264.12,0.78,FALSE,FALSE,FALSE,2024 Nov 19,,,18.1,35.282145,-106.87762,AB
AB 44.6b,AB,44.6,44.6,44.6,-9.86,-5.47,174.44,361,9933.25,27.52,TRUE,TRUE,TRUE,2024 Apr 04,-10.06,-5.62,18.1,35.282145,-106.87762,AB
AB 44.6b,AB,44.6,44.6,44.6,-10.26,-5.77,166.33,343,9898.2,28.86,TRUE,TRUE,TRUE,2024 Oct 3,-10.06,-5.62,18.1,35.282145,-106.87762,AB
AB 5.2,AB,5.2,5.2,5.2,-11.4,-5.08,4249,315,355.85,1.13,FALSE,FALSE,FALSE,2024 Mar 08,,,18.1,35.282145,-106.87762,AB
AB 5.5,AB,5.5,5.5,5.5,-10.53,-4.6,3680.11,344,448.68,1.3,TRUE,FALSE,FALSE,2024 Apr 04,,,18.1,35.282145,-106.87762,AB
AB 7.0,AB,7,7,7,-10.78,-4.21,6064.56,361,285.73,0.79,FALSE,FALSE,FALSE,2024 Apr 04,,,18.1,35.282145,-106.87762,AB
AB 8.5,AB,8.5,8.5,8.5,-10.73,-4.6,4771.56,351,353.09,1.01,FALSE,FALSE,FALSE,2024 Apr 04,,,18.1,35.282145,-106.87762,AB
AB2 0.3,AB2,55.3,55.3,0.3,-10.62,-5.26,4851.11,300,296.84,0.99,FALSE,FALSE,FALSE,2024 Mar 08,,,15.3,35.41356667,-106.8721913,AB
AB2 1.7,AB2,56.7,56.7,1.7,-11.6,-4.98,3424.78,344,482.13,1.4,FALSE,FALSE,FALSE,2024 Oct 19,,,15.3,35.41356667,-106.8721913,AB
AB2 2.8,AB2,57.8,57.8,2.8,-11.15,-4.69,4114.33,362,422.33,1.17,FALSE,FALSE,FALSE,2024 Oct 19,,,15.3,35.41356667,-106.8721913,AB
AB2 21.3,AB2,99.6,99.6,21.3,-11.16,-5.54,4941.78,877,851.84,0.97,FALSE,FALSE,FALSE,2024 Nov 19,-11.16,-5.54,15.3,35.41356667,-106.8721913,AB
AB2 35.2,AB2,90.2,90.2,35.2,-7.72,-4.84,264.89,362,6559.73,18.12,TRUE,TRUE,TRUE,2024 Nov 07,,,15.3,35.41356667,-106.8721913,AB
AB2 4.1,AB2,,,4.1,-11.12,-5.16,4919.78,332,323.92,0.98,FALSE,FALSE,FALSE,2024 Nov 19,,,15.3,35.41356667,-106.8721913,AB
AB2 4.3,AB2,59.3,59.3,4.3,-10.79,-5.14,5424.44,358,316.79,0.88,FALSE,FALSE,FALSE,2024 Nov 07,,,15.3,35.41356667,-106.8721913,AB
AB2 41.1,AB2,96.1,96.1,41.1,-10.13,-4.64,2819.33,317,539.7,1.7,TRUE,FALSE,FALSE,2024 Mar 08,,,15.3,35.41356667,-106.8721913,AB
AB2 45.0,AB2,100,100,45,-9.41,-5.37,3565.89,362,487.28,1.35,TRUE,FALSE,FALSE,2024 Apr 04,-9.41,-5.37,15.3,35.41356667,-106.8721913,AB
AB2 5.2,AB2,60.2,60.2,5.2,-11.05,-4.72,4231.89,366,415.13,1.13,FALSE,FALSE,FALSE,2024 Oct 3,,,15.3,35.41356667,-106.8721913,AB
AB2 50.1a,AB2,105.1,105.1,50.1,-11.76,-4.04,904.11,344,1826.32,5.31,TRUE,TRUE,TRUE,2024 Oct 19,,,15.3,35.41356667,-106.8721913,AB
AB2 51.4,AB2,106.4,106.4,51.4,-8.42,-4.04,743.44,290,1872.37,6.46,TRUE,TRUE,TRUE,2024 Mar 08,,,15.3,35.41356667,-106.8721913,AB
AB2 54.8,AB2,109.8,109.8,54.8,-11.14,-4.2,5570.22,346,298.16,0.86,FALSE,FALSE,FALSE,2024 Nov 07,,,15.3,35.41356667,-106.8721913,AB
AB2 55.7,AB2,110.7,110.7,55.7,-11.25,-4,4131.33,352,408.97,1.16,FALSE,FALSE,FALSE,2024 Apr 04,,,15.3,35.41356667,-106.8721913,AB
AB2 56.2,AB2,111.2,111.2,56.2,-11.49,-3.91,5340.56,353,317.27,0.9,FALSE,FALSE,FALSE,2024 Oct 3,,,15.3,35.41356667,-106.8721913,AB
AB2 56.6,AB2,111.6,111.6,56.6,-11.58,-3.94,3836,355,444.21,1.25,FALSE,FALSE,FALSE,2024 Nov 07,,,15.3,35.41356667,-106.8721913,AB
AB2 57.0,AB2,112,112,57,-11.11,-3.93,4599.22,348,363.19,1.04,FALSE,FALSE,FALSE,2024 Oct 19,,,15.3,35.41356667,-106.8721913,AB
AB2 57.7,AB2,112.7,112.7,57.7,-8.96,-4.9,177.89,337,9093.32,26.98,TRUE,TRUE,TRUE,2024 Apr 04,,,15.3,35.41356667,-106.8721913,AB
AB2 58.1,AB2,113.1,113.1,58.1,-11.38,-3.74,4764.44,354,356.64,1.01,FALSE,FALSE,FALSE,2024 Nov 07,,,15.3,35.41356667,-106.8721913,AB
AB2 58.3,AB2,113.3,113.3,58.3,-10.54,-3.67,4644.89,372,384.42,1.03,FALSE,FALSE,FALSE,2024 Nov 07,,,15.3,35.41356667,-106.8721913,AB
AB2 59.8,AB2,114.8,114.8,59.8,-10.82,-3.75,3412,351,493.79,1.41,TRUE,FALSE,FALSE,2024 Oct 3,-10.955,-3.78,15.3,35.41356667,-106.8721913,AB
AB2 59.8,AB2,114.8,114.8,59.8,-11.09,-3.81,3682.44,284,370.19,1.3,TRUE,FALSE,FALSE,2024 Mar 08,-10.955,-3.78,15.3,35.41356667,-106.8721913,AB
AB2 65.6,AB2,,,65.6,-10.19,-4.11,3767.89,358,456.06,1.27,FALSE,FALSE,FALSE,2024 Nov 19,,,15.3,35.41356667,-106.8721913,AB
AB2 67.8,AB2,122.8,122.8,67.8,-10.34,-4.87,4515.33,370,393.33,1.06,FALSE,FALSE,FALSE,2024 Nov 07,,,15.3,35.41356667,-106.8721913,AB
AB2 69.2,AB2,124.2,124.2,69.2,-10.82,-4.06,3840.56,368,459.93,1.25,FALSE,FALSE,FALSE,2024 Apr 04,,,15.3,35.41356667,-106.8721913,AB
AB2 75.0,AB2,130,130,75,-10.33,-4.57,5806.44,366,302.56,0.83,FALSE,FALSE,FALSE,2024 Nov 07,,,15.3,35.41356667,-106.8721913,AB
AB2 78.2,AB2,133.2,133.2,78.2,-9.24,-4.24,3034,342,541.07,1.58,TRUE,FALSE,FALSE,2024 Oct 3,,,15.3,35.41356667,-106.8721913,AB
AB2 80,AB2,135,135,80,-9.71,-4.46,4616,310,322.36,1.04,FALSE,FALSE,FALSE,2024 Mar 08,,,15.3,35.41356667,-106.8721913,AB
AB2 90.8,AB2,145.8,145.8,90.8,-9.43,-4.58,2921.56,368,604.61,1.64,TRUE,FALSE,FALSE,2024 Oct 19,,,15.3,35.41356667,-106.8721913,AB
AB2 91.0,AB2,146,146,91,-9.27,-4.03,4920.78,363,354.09,0.98,FALSE,FALSE,FALSE,2024 Apr 04,,,15.3,35.41356667,-106.8721913,AB
AB2 94,AB2,149,149,94,-9.34,-3.78,6290.78,348,265.53,0.76,FALSE,FALSE,FALSE,2024 Nov 07,,,15.3,35.41356667,-106.8721913,AB
BM - 3.7b (-3.7 R2),BM,,-3.7,-3.7,-19.64,-8.26,53,199,18022.64,90.57,TRUE,TRUE,TRUE,2022 Dec 7,,,9.5,36.11117,-106.1553081,BM
BM -1a,BM,,-1,-1,-11.71,-6.03,5675.44,395,334.07,0.85,FALSE,FALSE,FALSE,2023 May 2,-11.71,-6.03,9.5,36.11117,-106.1553081,BM
BM -1b,BM,,-1,-1,-12.35,-5.8,4664.67,370,380.73,1.03,FALSE,FALSE,FALSE,2024 Nov 19,-12.36,-5.86,9.5,36.11117,-106.1553081,BM
BM -1b,BM,,-1,-1,-12.37,-5.92,4360.56,273,300.51,1.1,FALSE,FALSE,FALSE,2023 May 2,-12.36,-5.86,9.5,36.11117,-106.1553081,BM
BM -3,BM,,-3,-3,-11.99,-6.61,6570.71,298,217.69,0.73,TRUE,FALSE,FALSE,2023 March 23,-12.12,-6.61,9.5,36.11117,-106.1553081,BM
BM -3,BM,,-3,-3,-12.25,-6.61,4180.11,208,238.85,1.15,FALSE,FALSE,FALSE,2023 May 2,-12.12,-6.61,9.5,36.11117,-106.1553081,BM
BM -3.3,BM,,-3.3,-3.3,-12.9,-6.22,5101.33,222,208.89,0.94,FALSE,FALSE,FALSE,2023 May 2,-13.075,-6.14,9.5,36.11117,-106.1553081,BM
BM -3.3,BM,,-3.3,-3.3,-13.25,-6.06,4408.25,193,210.15,1.09,FALSE,FALSE,FALSE,2022 Dec 7,-13.075,-6.14,9.5,36.11117,-106.1553081,BM
BM -3.7,BM,,-3.7,-3.7,-12.42,-6.72,4767.78,189,190.28,1.01,FALSE,FALSE,FALSE,2023 May 2,-12.42,-6.72,9.5,36.11117,-106.1553081,BM
BM -4.1 bottom,BM,,,,-13.42,-7.18,51,360,33882.35,94.12,TRUE,TRUE,TRUE,2024 Nov 07,,,9.5,36.11117,-106.1553081,BM
BM 0,BM,,0,0,-11.63,-5.63,2775,208,359.78,1.73,TRUE,FALSE,FALSE,2022 Dec 7,-11.735,-5.725,9.5,36.11117,-106.1553081,BM
BM 0,BM,,0,0,-11.84,-5.82,5675.44,359,303.62,0.85,FALSE,FALSE,FALSE,2023 May 2,-11.735,-5.725,9.5,36.11117,-106.1553081,BM
BM 0.9,BM,,0.9,0.9,-13.34,-7.13,149.22,209,6722.86,32.17,TRUE,TRUE,TRUE,2022 Dec 7,,,9.5,36.11117,-106.1553081,BM
BM 1.1,BM,,1.1,1.1,-12.86,-6.23,723.5,250,1658.6,6.63,TRUE,TRUE,TRUE,2022 Dec 7,,,9.5,36.11117,-106.1553081,BM
BM 10.8 a,BM,,10.8,10.8,-12.11,-5.42,8580,306,171.19,0.56,TRUE,FALSE,TRUE,2023 March 23,,,9.5,36.11117,-106.1553081,BM
BM 10.8 b,BM,,10.8,10.8,-13.96,-9.05,148.57,300,9692.31,32.31,TRUE,TRUE,TRUE,2023 March 23,,,9.5,36.11117,-106.1553081,BM
BM 10.8a,BM,,10.8,10.8,-11.42,-5.28,4294.44,173,193.37,1.12,FALSE,FALSE,FALSE,2023 May 2,,,9.5,36.11117,-106.1553081,BM
BM 10.8b,BM,,10.8,10.8,-11.02,-8.17,4306,9640,10745.94,1.11,FALSE,FALSE,FALSE,2023 May 2,,,9.5,36.11117,-106.1553081,BM
BM 12.7 a,BM,,12.7,12.7,-11.06,-4.62,5613.33,294,251.4,0.86,FALSE,FALSE,FALSE,2023 March 23,,,9.5,36.11117,-106.1553081,BM
BM 12.7b,BM,,12.7,12.7,-11.97,-6.1,3910.11,1295,1589.72,1.23,FALSE,FALSE,FALSE,2023 May 2,-11.97,-6.1,9.5,36.11117,-106.1553081,BM
BM 16.8,BM,,16.8,16.8,-13.02,-7.5,5625.33,2750,2346.53,0.85,FALSE,FALSE,FALSE,2023 May 2,-13.02,-7.5,9.5,36.11117,-106.1553081,BM
BM 17.4,BM,,17.4,17.4,-13.37,-6.49,6119.33,498,390.63,0.78,FALSE,FALSE,FALSE,2023 May 2,-13.37,-6.49,9.5,36.11117,-106.1553081,BM
BM 18,BM,,18,18,-12.6,-6.62,5006.67,434,416.09,0.96,FALSE,FALSE,FALSE,2023 May 2,-12.675,-6.63,9.5,36.11117,-106.1553081,BM
BM 18,BM,,18,18,-12.75,-6.64,2786,256,441.06,1.72,TRUE,FALSE,FALSE,2022 Dec 7,-12.675,-6.63,9.5,36.11117,-106.1553081,BM
BM 19.2,BM,,19.2,19.2,-12.82,-6.74,6355.44,387,292.28,0.76,FALSE,FALSE,FALSE,2023 May 2,-12.82,-6.74,9.5,36.11117,-106.1553081,BM
BM 19.6,BM,,19.6,19.6,-13.34,-7.48,4103.57,309,361.44,1.17,FALSE,FALSE,FALSE,2023 March 23,,,9.5,36.11117,-106.1553081,BM
BM 19a,BM,,19,19,-12.44,-6.17,2660.33,198,357.25,1.8,TRUE,FALSE,FALSE,2022 Dec 7,-12.61,-6.395,9.5,36.11117,-106.1553081,BM
BM 19a,BM,,19,19,-12.78,-6.62,2556.89,350,657.05,1.88,TRUE,FALSE,FALSE,2023 May 2,-12.61,-6.395,9.5,36.11117,-106.1553081,BM
BM 19b,BM,,19,19,-16.47,-7.88,91.11,210,11063.41,52.68,TRUE,TRUE,TRUE,2022 Dec 7,,,9.5,36.11117,-106.1553081,BM
BM 2,BM,,2,2,-12,-6.3,5663.56,492,416.98,0.85,FALSE,FALSE,FALSE,2023 May 2,-12,-6.3,9.5,36.11117,-106.1553081,BM
BM 22.2,BM,,22.2,22.2,-75.43,-9.9,414.89,192,2221.32,11.57,TRUE,TRUE,TRUE,2022 Dec 7,,,9.5,36.11117,-106.1553081,BM
BM 25.4,BM,,25.4,25.4,-15.56,-8.71,307.89,245,3819.56,15.59,TRUE,TRUE,TRUE,2022 Dec 7,,,9.5,36.11117,-106.1553081,BM
BM 25.5,BM,,25.5,25.5,-12.45,-10.44,7075.67,605,410.42,0.68,TRUE,FALSE,FALSE,2023 May 2,-12.45,-10.44,9.5,36.11117,-106.1553081,BM
BM 26.5,BM,,26.5,26.5,-13.1,-7.46,7167.22,624,417.9,0.67,TRUE,FALSE,FALSE,2023 May 2,-13.1,-7.46,9.5,36.11117,-106.1553081,BM
BM 29.3,BM,,29.3,29.3,-7.89,-5.1,3979.33,197,237.63,1.21,FALSE,FALSE,FALSE,2022 Dec 7,-7.89,-5.1,9.5,36.11117,-106.1553081,BM
BM 29.3b mat,BM,,29.3,29.3,-9.68,-5.34,1012.33,349,1654.79,4.74,TRUE,TRUE,TRUE,2024 Oct 19,,,9.5,36.11117,-106.1553081,BM
BM 3.2,BM,,3.2,3.2,-7.92,-6.78,105,579,26468.57,45.71,TRUE,TRUE,TRUE,2024 Nov 19,,,9.5,36.11117,-106.1553081,BM
BM 30.2,BM,,30.2,30.2,-11.77,-9.69,3011.56,197,313.99,1.59,TRUE,FALSE,FALSE,2022 Dec 7,,,9.5,36.11117,-106.1553081,BM
BM 4,BM,,4,4,-13.8,-7.49,4087.89,728,854.82,1.17,FALSE,FALSE,FALSE,2023 May 2,-13.8,-7.49,9.5,36.11117,-106.1553081,BM
BM 4.4,BM,,4.4,4.4,-12.61,-5.17,2936.56,193,315.47,1.63,TRUE,FALSE,FALSE,2022 Dec 7,,,9.5,36.11117,-106.1553081,BM
BM 4.9,BM,,4.9,4.9,-10.37,-6.43,4484.67,2953,3160.64,1.07,FALSE,FALSE,FALSE,2023 May 2,-10.37,-6.43,9.5,36.11117,-106.1553081,BM
BM 40.4 a,BM,,40.4,40.4,-6.58,-4,4283.57,307,344.01,1.12,FALSE,FALSE,FALSE,2023 March 23,,,9.5,36.11117,-106.1553081,BM
BM 40.4 b,BM,,40.4,40.4,-6.42,-4.27,3444.78,996,1387.84,1.39,FALSE,FALSE,FALSE,2024 Nov 15,-6.42,-4.27,9.5,36.11117,-106.1553081,BM
BM 40.4 c,BM,,40.4,40.4,-6.54,-4.03,3295,305,444.31,1.46,TRUE,FALSE,FALSE,2023 March 23,,,9.5,36.11117,-106.1553081,BM
BM 42.1,BM,,42.1,42.1,-10.73,-6.85,586.29,310,2538.01,8.19,TRUE,TRUE,TRUE,2023 March 23,,,9.5,36.11117,-106.1553081,BM
BM 42.6,BM,,42.6,42.6,-12.08,-8.4,4268.89,1043,1172.76,1.12,FALSE,FALSE,FALSE,2024 Nov 15,-12.08,-8.4,9.5,36.11117,-106.1553081,BM
BM 46.2,BM,,46.2,46.2,-18.45,-10.31,56,307,26314.29,85.71,TRUE,TRUE,TRUE,2023 March 23,,,9.5,36.11117,-106.1553081,BM
BM 49.8,BM,,49.8,49.8,-11.77,-5.63,3055,306,480.79,1.57,TRUE,FALSE,FALSE,2023 March 23,,,9.5,36.11117,-106.1553081,BM
BM 5.6,BM,,5.6,5.6,-11.8,-8.19,5872.78,829,677.57,0.82,FALSE,FALSE,FALSE,2023 May 2,-11.8,-8.19,9.5,36.11117,-106.1553081,BM
BM 50.8,BM,,50.8,50.8,-10.96,-6.67,3057.71,310,486.64,1.57,TRUE,FALSE,FALSE,2023 March 23,,,9.5,36.11117,-106.1553081,BM
BM 51.3,BM,,51.3,51.3,-11,-7.01,728.71,291,1916.8,6.59,TRUE,TRUE,TRUE,2023 March 23,,,9.5,36.11117,-106.1553081,BM
BM 51.4,BM,,51.4,51.4,-11.83,-6.63,5260.33,1168,1065.79,0.91,FALSE,FALSE,FALSE,2024 Nov 15,,,9.5,36.11117,-106.1553081,BM
BM 52 a,BM,,52,52,-6.93,-5.51,4703,304,310.27,1.02,FALSE,FALSE,FALSE,2023 March 23,,,9.5,36.11117,-106.1553081,BM
BM 52.8,BM,,52.8,52.8,-10.79,-7.29,3164,308,467.26,1.52,TRUE,FALSE,FALSE,2023 March 31,,,9.5,36.11117,-106.1553081,BM
BM 52b,BM,,52,52,-8.85,-6.3,631.78,308,2340.06,7.6,TRUE,TRUE,TRUE,2023 March 31,,,9.5,36.11117,-106.1553081,BM
BM 57.4,BM,,57.4,57.4,-10.12,-5.85,5853.33,309,253.39,0.82,FALSE,FALSE,FALSE,2023 March 31,,,9.5,36.11117,-106.1553081,BM
BM 58.8,BM,,58.8,58.8,-10.1,-5.52,2488.44,302,582.53,1.93,TRUE,FALSE,FALSE,2023 March 31,,,9.5,36.11117,-106.1553081,BM
BM 59.8,BM,,59.8,59.8,-10.68,-7.59,463.56,307,3178.91,10.35,TRUE,TRUE,TRUE,2023 March 31,,,9.5,36.11117,-106.1553081,BM
BM 6.5,BM,,6.5,6.5,-11.66,-5.59,4784.44,343,344.12,1,FALSE,FALSE,FALSE,2023 May 2,-11.66,-5.59,9.5,36.11117,-106.1553081,BM
BM 7.1,BM,,7.1,7.1,-13.2,-7.16,5096.44,395,372.02,0.94,FALSE,FALSE,FALSE,2023 May 2,-13.33,-7.09,9.5,36.11117,-106.1553081,BM
BM 7.1,BM,,7.1,7.1,-13.46,-7.02,2914.56,246,405.14,1.65,TRUE,FALSE,FALSE,2022 Dec 7,-13.33,-7.09,9.5,36.11117,-106.1553081,BM
BM 7.4,BM,,7.4,7.4,-11.04,-4.99,6228.14,296,228.13,0.77,FALSE,FALSE,FALSE,2023 March 23,,,9.5,36.11117,-106.1553081,BM
BM 7.9,BM,,7.9,7.9,-12.06,-5.77,5207.67,292,269.14,0.92,FALSE,FALSE,FALSE,2023 May 2,-12.36,-5.805,9.5,36.11117,-106.1553081,BM
BM 7.9,BM,,7.9,7.9,-12.66,-5.84,3188.56,195,293.55,1.51,TRUE,FALSE,FALSE,2022 Dec 7,-12.36,-5.805,9.5,36.11117,-106.1553081,BM
BM 8.7,BM,,8.7,8.7,-11.29,-6.9,4310.44,1433,1595.75,1.11,FALSE,FALSE,FALSE,2023 May 2,-11.29,-6.9,9.5,36.11117,-106.1553081,BM
BM 8.7,BM,,8.7,8.7,-12.02,-6.91,1015.43,304,1437.03,4.73,TRUE,FALSE,TRUE,2023 March 23,-11.29,-6.9,9.5,36.11117,-106.1553081,BM
BM 80.6,BM,,80.6,80.6,-15.89,-10.04,73.5,307,20048.98,65.31,TRUE,TRUE,TRUE,2023 March 31,,,9.5,36.11117,-106.1553081,BM
BM 9.8,BM,,9.8,9.8,-14.62,-6.63,5333.11,495,445.52,0.9,FALSE,FALSE,FALSE,2023 May 2,-14.62,-6.63,9.5,36.11117,-106.1553081,BM
BM Penn1,BM,,,,-5.21,-2.76,955.89,310,1556.67,5.02,TRUE,TRUE,TRUE,2023 March 31,,,9.5,36.11117,-106.1553081,BM
BM Penn2,BM,,,,-20.41,-10.48,99,300,14545.45,48.48,TRUE,TRUE,TRUE,2023 March 31,,,9.5,36.11117,-106.1553081,BM
BM UFWA,BM,,,,-7.55,-5.56,4628.11,306,317.36,1.04,FALSE,FALSE,FALSE,2023 March 31,,,9.5,36.11117,-106.1553081,BM
BM veins 25-28,BM,,26.5,26.5,-5.59,-6.25,3532.89,397,539.39,1.36,FALSE,FALSE,FALSE,2024 Nov 15,-5.59,-6.25,9.5,36.11117,-106.1553081,BM
BM3.2,BM,,3.2,3.2,-13.32,-6.99,2108.33,254,578.28,2.28,TRUE,FALSE,TRUE,2022 Dec 7,,,9.5,36.11117,-106.1553081,BM
KP10a,KP,,26.6,26.6,-7.43,-5.7,2488.89,153,295.07,1.93,TRUE,FALSE,FALSE,2022 Dec 4,,,5.4,33.1284,-107.25281,KP
KP10b,KP,,26.6,26.6,-7.28,-6.35,3194.88,150,225.36,1.5,TRUE,FALSE,FALSE,2022 Dec 4,,,5.4,33.1284,-107.25281,KP
KP11a,KP,,28.3,28.3,-7.62,-6.19,3426.89,434,607.9,1.4,FALSE,FALSE,FALSE,2024 Nov 19,-7.62,-6.19,5.4,33.1284,-107.25281,KP
KP11b,KP,,28.3,28.3,-7.91,-6.7,5692,380,320.45,0.84,FALSE,FALSE,FALSE,2024 Nov 19,-7.91,-6.7,5.4,33.1284,-107.25281,KP
KP1a,KP,,6.67,6.67,-7.04,-6.35,2431,147,290.25,1.97,TRUE,FALSE,FALSE,2022 Dec 4,,,5.4,33.1284,-107.25281,KP
KP1b,KP,,6.62,6.62,-7.37,-5.46,2419.89,150,297.53,1.98,TRUE,FALSE,FALSE,2022 Dec 4,,,5.4,33.1284,-107.25281,KP
KP2a,KP,,7,7,-6.65,-6.5,2856.11,158,265.54,1.68,TRUE,FALSE,FALSE,2022 Dec 4,,,5.4,33.1284,-107.25281,KP
KP2b,KP,,7,7,-7.22,-6.3,3379.56,307,436.03,1.42,FALSE,FALSE,FALSE,2024 Nov 19,-7.22,-6.3,5.4,33.1284,-107.25281,KP
KP3a,KP,,10.9,10.9,-8.31,-5.74,3127.44,156,239.43,1.53,TRUE,FALSE,FALSE,2022 Dec 4,,,5.4,33.1284,-107.25281,KP
KP3b,KP,,10.9,10.9,-7.1,-6.15,3625.89,318,420.97,1.32,FALSE,FALSE,FALSE,2024 Nov 19,-7.1,-6.15,5.4,33.1284,-107.25281,KP
KP4a,KP,,13,13,-6.85,-6.76,3693,330,428.92,1.3,FALSE,FALSE,FALSE,2024 Nov 19,,,5.4,33.1284,-107.25281,KP
KP4a,KP,,13,13,-8.01,-6.3,2157.89,151,335.88,2.22,TRUE,FALSE,TRUE,2022 Dec 4,,,5.4,33.1284,-107.25281,KP
KP4b,KP,,13.4,13.4,-11.67,-6.24,85.67,156,8740.86,56.03,TRUE,TRUE,TRUE,2022 Dec 4,,,5.4,33.1284,-107.25281,KP
KP5a V#1,KP,,13.4,13.4,-7.24,-5.92,2799.78,148,253.73,1.71,TRUE,FALSE,FALSE,2022 Dec 4,,,5.4,33.1284,-107.25281,KP
KP5a V#2,KP,,13.4,13.4,-7.24,-6.01,2566.22,153,286.18,1.87,TRUE,FALSE,FALSE,2022 Dec 4,,,5.4,33.1284,-107.25281,KP
KP5b,KP,,13.5,13.5,-7.1,-5.75,2530.25,158,299.73,1.9,TRUE,FALSE,FALSE,2022 Dec 4,,,5.4,33.1284,-107.25281,KP
KP6a,KP,,14.9,14.9,-6.66,-5.56,2974.33,361,582.58,1.61,TRUE,FALSE,FALSE,2024 Oct 19,,,5.4,33.1284,-107.25281,KP
KP6b,KP,,14.6,14.6,-7.24,-5.89,5123,462,432.87,0.94,FALSE,FALSE,FALSE,2024 Nov 19,-7.24,-5.89,5.4,33.1284,-107.25281,KP
KP7a,KP,,16.8,16.8,-6.05,-5.61,1582.89,148,448.8,3.03,TRUE,FALSE,TRUE,2022 Dec 4,,,5.4,33.1284,-107.25281,KP
KP7a,KP,,16.8,16.8,-9.55,-4.85,107.33,355,15875.78,44.72,TRUE,TRUE,TRUE,2024 Nov 19,,,5.4,33.1284,-107.25281,KP
KP7b,KP,,16.8,16.8,-6.44,-5.65,5691.89,670,565.01,0.84,FALSE,FALSE,FALSE,2024 Nov 19,-6.44,-5.65,5.4,33.1284,-107.25281,KP
KP8a,KP,,17.4,17.4,-5.9,-5.52,4802.11,420,419.82,1,FALSE,FALSE,FALSE,2024 Nov 19,-5.9,-5.52,5.4,33.1284,-107.25281,KP
KP8b,KP,,17.4,17.4,-6.54,-5.48,4926.67,482,469.61,0.97,FALSE,FALSE,FALSE,2024 Nov 19,-6.54,-5.48,5.4,33.1284,-107.25281,KP
KP9aV#1,KP,,21.8,21.8,-8,-5.21,5668,372,315.03,0.85,FALSE,FALSE,FALSE,2024 Nov 19,-8,-5.21,5.4,33.1284,-107.25281,KP
KP9aV#2,KP,,21.8,21.8,-7.86,-5.2,5836.44,338,277.98,0.82,FALSE,FALSE,FALSE,2024 Nov 19,-7.86,-5.2,5.4,33.1284,-107.25281,KP
KP9b,KP,,22,22,-7.37,-5.44,5024.22,396,378.33,0.96,FALSE,FALSE,FALSE,2024 Nov 19,-7.37,-5.44,5.4,33.1284,-107.25281,KP
PS ash 0,PS,,,,-8.63,-7.13,114.38,350,14688.52,41.97,TRUE,TRUE,FALSE,2024 Nov 15,,,9.3,38.56024514,-106.0383315,PS
PS ash 1,PS,,,,-13.16,-7.28,68.67,339,23697.09,69.9,TRUE,TRUE,TRUE,2024 Nov 07,,,9.3,38.56024514,-106.0383315,PS
PS Carb 10,PS,,,,-15.95,-8.48,199.22,347,8360.51,24.09,TRUE,TRUE,TRUE,2024 Oct 3,,,9.3,38.56024514,-106.0383315,PS
PS carb 13,PS,,,,-16.75,-9.42,2616,343,629.36,1.83,TRUE,FALSE,FALSE,2024 Oct 3,,,9.3,38.56024514,-106.0383315,PS
PS carb 15,PS,,,,-13.7,-10.29,6570.22,749,547.2,0.73,FALSE,FALSE,FALSE,2024 Nov 19,-13.7,-10.29,9.3,38.56024514,-106.0383315,PS
PS carb 16,PS,,,,-14.46,-9.72,5930.44,1395,1129.09,0.81,FALSE,FALSE,FALSE,2024 Nov 19,-14.46,-9.72,9.3,38.56024514,-106.0383315,PS
PS Carb 3,PS,,,,-16.07,-6.74,5444,363,320.06,0.88,FALSE,FALSE,FALSE,2024 Oct 3,,,9.3,38.56024514,-106.0383315,PS
PS cong 11,PS,,,,-16.09,-9.78,1779.33,353,952.27,2.7,TRUE,FALSE,TRUE,2024 Nov 19,,,9.3,38.56024514,-106.0383315,PS
PS cong 6,PS,,,,-14.56,-9.88,5385.33,770,686.31,0.89,FALSE,FALSE,FALSE,2024 Nov 19,-14.56,-9.88,9.3,38.56024514,-106.0383315,PS
PS nod,PS,,,,-15.15,-6.95,214.22,370,8290.46,22.41,TRUE,TRUE,FALSE,2024 Nov 15,,,9.3,38.56024514,-106.0383315,PS
PS nod 16,PS,,,,-16.28,-5.55,418.11,343,3937.71,11.48,TRUE,TRUE,FALSE,2024 Nov 15,,,9.3,38.56024514,-106.0383315,PS
PS nod 16 #2,PS,,,,-15.56,-8.69,72.12,371,24690.47,66.55,TRUE,TRUE,TRUE,2024 Nov 07,,,9.3,38.56024514,-106.0383315,PS
PS nodule 5,PS,,,,-16.78,-6.96,4772.33,368,370.13,1.01,FALSE,FALSE,FALSE,2024 Mar 28,,,9.3,38.56024514,-106.0383315,PS
PS root 3,PS,,,,-16.38,-6.68,4758.56,334,336.91,1.01,FALSE,FALSE,FALSE,2024 Oct 19,,,9.3,38.56024514,-106.0383315,PS
PS rootcast 12,PS,,,,-16.41,-8.03,2826.89,364,618.06,1.7,TRUE,FALSE,FALSE,2024 Nov 07,,,9.3,38.56024514,-106.0383315,PS
PS rootcast 14,PS,,,,-13.75,-7.26,67.33,367,26162.38,71.29,TRUE,TRUE,TRUE,2024 Nov 19,,,9.3,38.56024514,-106.0383315,PS
PS rootcast 14-2,PS,,,,-16.07,-7.61,4163.56,365,420.79,1.15,FALSE,FALSE,FALSE,2024 Mar 28,,,9.3,38.56024514,-106.0383315,PS
PS rootcast 17,PS,,,,-14.51,-8.59,5509.56,1462,1273.71,0.87,FALSE,FALSE,FALSE,2024 Nov 19,-14.51,-8.59,9.3,38.56024514,-106.0383315,PS
PS rootcast 2,PS,,,,-16.01,-8.16,6054.89,361,286.18,0.79,FALSE,FALSE,FALSE,2024 Mar 28,,,9.3,38.56024514,-106.0383315,PS
PS rootcast 4,PS,,,,-16.52,-8.66,6381.44,359,270.03,0.75,FALSE,FALSE,FALSE,2024 Mar 28,,,9.3,38.56024514,-106.0383315,PS
PS rootcast 5,PS,,,,-16.32,-6.92,4744.11,360,364.24,1.01,FALSE,FALSE,FALSE,2024 Nov 07,,,9.3,38.56024514,-106.0383315,PS
PS rootcast 7,PS,,,,-15.48,-7.44,6235.89,377,290.19,0.77,FALSE,FALSE,FALSE,2024 Oct 3,,,9.3,38.56024514,-106.0383315,PS
PS rootcast 7 #2,PS,,,,-16.46,-7.61,4813.11,232,231.37,1,FALSE,FALSE,FALSE,2024 Nov 19,-16.46,-7.61,9.3,38.56024514,-106.0383315,PS
PS tuff 8,PS,,,,-15.6,-8.16,65.2,367,27018.4,73.62,TRUE,TRUE,TRUE,2024 Nov 07,,,9.3,38.56024514,-106.0383315,PS
PSBLM 0 mat,PSBLM,,,,-14.47,-6.11,169.89,343,9691.04,28.25,TRUE,TRUE,FALSE,2024 Nov 15,,,15.3,38.56024514,-106.0383315,PS
PSBLM 0 nod,PSBLM,,,,-14.48,-6.66,4683,346,354.64,1.02,FALSE,FALSE,FALSE,2024 Nov 15,,,15.3,38.56024514,-106.0383315,PS
PSBLM 13,PSBLM,,,,-16.04,-7.6,114.38,347,14562.62,41.97,TRUE,TRUE,TRUE,2024 Oct 19,,,15.3,38.56024514,-106.0383315,PS
PSBLM 15a,PSBLM,,,,-13.41,-4.92,4283.67,331,370.9,1.12,FALSE,FALSE,FALSE,2024 Mar 28,,,15.3,38.56024514,-106.0383315,PS
PSBLM 15b,PSBLM,,,,-15.5,-6.97,220.33,362,7886.23,21.79,TRUE,TRUE,TRUE,2024 Mar 28,,,15.3,38.56024514,-106.0383315,PS
PSBLM 15c,PSBLM,,,,-13.93,-5.75,3035.22,365,577.22,1.58,TRUE,FALSE,FALSE,2024 Nov 19,,,15.3,38.56024514,-106.0383315,PS
PSBLM 15d,PSBLM,,,,-12.66,-6.74,7299.89,357,234.74,0.66,FALSE,FALSE,TRUE,2024 Nov 19,,,15.3,38.56024514,-106.0383315,PS
PSBLM 16,PSBLM,,,,-13.64,-5.37,575.22,352,2937.3,8.34,TRUE,TRUE,FALSE,2024 Nov 15,,,15.3,38.56024514,-106.0383315,PS
PSBLM 17 nod,PSBLM,,,,-14.2,-5.47,3548.22,336,454.54,1.35,FALSE,FALSE,FALSE,2024 Nov 15,,,15.3,38.56024514,-106.0383315,PS
PSBLM 19,PSBLM,,,,-14.04,-6.82,67.5,353,25102.22,71.11,TRUE,TRUE,TRUE,2024 Nov 07,,,15.3,38.56024514,-106.0383315,PS
PSBLM 19 clay,PSBLM,,,,-13.86,-6.8,77.25,371,23052.43,62.14,TRUE,TRUE,TRUE,2024 Oct 3,,,15.3,38.56024514,-106.0383315,PS
PSBLM 19 mat,PSBLM,,,,-16.65,-8.84,64.6,340,25263.16,74.3,TRUE,TRUE,TRUE,2024 Oct 19,,,15.3,38.56024514,-106.0383315,PS
PSBLM 2,PSBLM,,,,-12.33,-4.86,99.88,339,16292.37,48.06,TRUE,TRUE,TRUE,2024 Mar 28,,,15.3,38.56024514,-106.0383315,PS
PSBLM 21 mat,PSBLM,,,,-13.06,-5.65,257.56,370,6895.6,18.64,TRUE,TRUE,TRUE,2024 Nov 07,,,15.3,38.56024514,-106.0383315,PS
PSBLM 21 nod,PSBLM,,,,-12.62,-5.1,1009,361,1717.34,4.76,TRUE,TRUE,TRUE,2024 Oct 3,,,15.3,38.56024514,-106.0383315,PS
PSBLM 22,PSBLM,,,,-12.36,-4.99,4165.78,939,1081.96,1.15,FALSE,FALSE,FALSE,2024 Nov 19,-12.36,-4.99,15.3,38.56024514,-106.0383315,PS
PSBLM 22b,PSBLM,,,,-10.82,-5.05,68.17,358,25208.8,70.42,TRUE,TRUE,FALSE,2024 Nov 15,,,15.3,38.56024514,-106.0383315,PS
PSBLM 25,PSBLM,,,,-15.21,-5.77,574.67,349,2915.08,8.35,TRUE,TRUE,FALSE,2024 Nov 15,,,15.3,38.56024514,-106.0383315,PS
PSBLM 26,PSBLM,,,,-13.07,-4.94,181.11,344,9117.06,26.5,TRUE,TRUE,TRUE,2024 Nov 07,,,15.3,38.56024514,-106.0383315,PS
PSBLM 27,PSBLM,,,,-13.25,-5.12,258.33,369,6856.26,18.58,TRUE,TRUE,FALSE,2024 Nov 15,,,15.3,38.56024514,-106.0383315,PS
PSBLM 28,PSBLM,,,,-14.59,-6.18,4280.56,370,414.9,1.12,FALSE,FALSE,FALSE,2024 Oct 19,,,15.3,38.56024514,-106.0383315,PS
PSBLM 4 mat,PSBLM,,,,-13.1,-7.58,759.33,360,2275.68,6.32,TRUE,TRUE,TRUE,2024 Nov 07,,,15.3,38.56024514,-106.0383315,PS
PSBLM 5 8.5,PSBLM,,,,-17.99,-6.62,5945.44,839,677.36,0.81,FALSE,FALSE,FALSE,2024 Nov 19,-17.99,-6.62,15.3,38.56024514,-106.0383315,PS
PSBLM 5 8.5m nod,PSBLM,,,,-17.01,-7.42,217,341,7542.86,22.12,TRUE,TRUE,FALSE,2024 Nov 15,,,15.3,38.56024514,-106.0383315,PS
PSBLM 7 0.4,PSBLM,,,,-14.96,-7.73,3511.22,331,452.49,1.37,FALSE,FALSE,FALSE,2024 Oct 19,,,15.3,38.56024514,-106.0383315,PS
PSBLM 9,PSBLM,,,,-15.26,-6.77,4634.78,364,376.98,1.04,FALSE,FALSE,FALSE,2024 Nov 19,,,15.3,38.56024514,-106.0383315,PS
PSBLM 9 6.4b,PSBLM,,,,-16.75,-10.2,62.6,367,28140.58,76.68,TRUE,TRUE,TRUE,2024 Oct 19,,,15.3,38.56024514,-106.0383315,PS
PSBLM 9 6.4m,PSBLM,,,,-14.77,-5,5180.22,357,330.8,0.93,FALSE,FALSE,FALSE,2024 Nov 15,,,15.3,38.56024514,-106.0383315,PS
PSBLM 9.5,PSBLM,,,,-9.72,-2.79,212.44,363,8201.67,22.59,TRUE,TRUE,TRUE,2024 Oct 19,,,15.3,38.56024514,-106.0383315,PS
PSBLM 9.75,PSBLM,,,,-15.13,-6.92,5384.78,354,315.56,0.89,FALSE,FALSE,FALSE,2024 Mar 28,,,15.3,38.56024514,-106.0383315,PS
PSBLM 9b,PSBLM,,,,-14.51,-7.81,61.8,336,26097.09,77.67,TRUE,TRUE,TRUE,2024 Mar 28,,,15.3,38.56024514,-106.0383315,PS
PSBLM 9c,PSBLM,,,,-14.32,-5.93,3784.56,347,440.1,1.27,TRUE,FALSE,FALSE,2024 Mar 28,-14.405,-5.885,15.3,38.56024514,-106.0383315,PS
PSBLM 9c,PSBLM,,,,-14.49,-5.84,3825.22,402,504.44,1.25,FALSE,FALSE,FALSE,2024 Oct 3,-14.405,-5.885,15.3,38.56024514,-106.0383315,PS
PSBLM 9d,PSBLM,,,,-14.41,-7.26,322.56,364,5416.74,14.88,TRUE,TRUE,TRUE,2024 Mar 28,,,15.3,38.56024514,-106.0383315,PS
PSBLM carb 29,PSBLM,,,,-15.43,-7.89,50,363,34848,96,TRUE,TRUE,FALSE,2024 Nov 15,,,15.3,38.56024514,-106.0383315,PS
PSBLM Mod 2,PSBLM,,,,-12.92,-11.04,202.11,331,7861.02,23.75,TRUE,TRUE,TRUE,2024 Mar 28,,,15.3,38.56024514,-106.0383315,PS
PSBLM resist 5.1,PSBLM,,,,-17.98,-11.08,53.5,344,30863.55,89.72,TRUE,TRUE,TRUE,2024 Oct 19,,,15.3,38.56024514,-106.0383315,PS
PSBLM resist nod,PSBLM,,,,-12.64,-8.5,2815.33,332,566.04,1.7,TRUE,FALSE,FALSE,2024 Oct 19,,,15.3,38.56024514,-106.0383315,PS
SEZ 1.7a,SEZ,334.7,1.7,1.7,-4.8,-2.94,3437,300,418.97,1.4,TRUE,FALSE,FALSE,2023 March 31,,,6.95,35.41314455,-106.7324058,SEZ
SEZ 1.7b,SEZ,334.7,1.7,1.7,-5.32,-3.34,4948,310,300.73,0.97,FALSE,FALSE,FALSE,2023 March 31,,,6.95,35.41314455,-106.7324058,SEZ
SEZ 10.6,SEZ,343.6,10.6,10.6,-13.55,-9.26,111.62,297,12771.33,43,TRUE,TRUE,TRUE,2023 March 31,,,6.95,35.41314455,-106.7324058,SEZ
SEZ 101.8,SEZ,434.8,101.8,101.8,-7.97,-3.67,3859.22,335,416.66,1.24,FALSE,FALSE,FALSE,2024 Oct 3,-8.03,-3.675,6.95,35.41314455,-106.7324058,SEZ
SEZ 101.8,SEZ,434.8,101.8,101.8,-8.09,-3.68,3175,316,477.73,1.51,TRUE,FALSE,FALSE,2024 Mar 08,-8.03,-3.675,6.95,35.41314455,-106.7324058,SEZ
SEZ 103,SEZ,436,103,103,-8.31,-3.06,3965.33,302,365.57,1.21,FALSE,FALSE,FALSE,2024 Mar 08,,,6.95,35.41314455,-106.7324058,SEZ
SEZ 106.6,SEZ,439.6,106.6,106.6,-9.34,-5.41,4006.89,844,1011.06,1.2,FALSE,FALSE,FALSE,2024 Nov 19,-9.34,-5.41,6.95,35.41314455,-106.7324058,SEZ
SEZ 107.5,SEZ,440.5,107.5,107.5,-8.84,-5.03,5962.11,367,295.47,0.81,FALSE,FALSE,FALSE,2024 Oct 3,-8.95,-5.075,6.95,35.41314455,-106.7324058,SEZ
SEZ 107.5,SEZ,440.5,107.5,107.5,-9.06,-5.12,7202.67,364,242.58,0.67,TRUE,FALSE,TRUE,2024 Mar 28,-8.95,-5.075,6.95,35.41314455,-106.7324058,SEZ
SEZ 107.9,SEZ,440.9,107.9,107.9,-8.36,-3.1,2921.44,300,492.91,1.64,TRUE,FALSE,FALSE,2024 Mar 08,-8.365,-3.26,6.95,35.41314455,-106.7324058,SEZ
SEZ 107.9,SEZ,440.9,107.9,107.9,-8.37,-3.42,3461.89,355,492.22,1.39,TRUE,FALSE,FALSE,2024 Oct 3,-8.365,-3.26,6.95,35.41314455,-106.7324058,SEZ
SEZ 15.1a,SEZ,348.1,15.1,15.1,-7.8,-5.29,638.56,305,2292.67,7.52,TRUE,TRUE,TRUE,2023 March 31,,,6.95,35.41314455,-106.7324058,SEZ
SEZ 15.1b,SEZ,348.1,15.1,15.1,-6.86,-4.87,809.67,308,1825.94,5.93,TRUE,TRUE,TRUE,2023 March 31,,,6.95,35.41314455,-106.7324058,SEZ
SEZ 15.1c,SEZ,348.1,15.1,15.1,-9.72,-5.84,726.78,293,1935.12,6.6,TRUE,TRUE,TRUE,2023 March 31,,,6.95,35.41314455,-106.7324058,SEZ
SEZ 15.1d,SEZ,348.1,15.1,15.1,-11.19,-5.32,647.44,306,2268.61,7.41,TRUE,TRUE,TRUE,2023 March 31,,,6.95,35.41314455,-106.7324058,SEZ
SEZ 18.2,SEZ,351.2,18.2,18.2,-7.51,-4.2,399.22,298,3582.97,12.02,TRUE,TRUE,TRUE,2023 March 31,,,6.95,35.41314455,-106.7324058,SEZ
SEZ 18.3,SEZ,351.3,18.3,18.3,-7.92,-3.57,3747.11,299,383.02,1.28,TRUE,FALSE,FALSE,2023 April 4,,,6.95,35.41314455,-106.7324058,SEZ
SEZ 19.3,SEZ,352.3,19.3,19.3,-5.35,-3.56,4059.11,292,345.3,1.18,FALSE,FALSE,FALSE,2023 March 31,,,6.95,35.41314455,-106.7324058,SEZ
SEZ 2.0,SEZ,335,2,2,-2.44,-1.97,3263.33,207,304.47,1.47,FALSE,FALSE,FALSE,2024 Nov 19,-2.44,-1.97,6.95,35.41314455,-106.7324058,SEZ
SEZ 2.7,SEZ,335.7,2.7,2.7,-7.25,-4.68,2738.89,302,529.27,1.75,TRUE,FALSE,FALSE,2023 March 31,,,6.95,35.41314455,-106.7324058,SEZ
SEZ 34.8,SEZ,367.8,34.8,34.8,-5.18,-4.39,3455.67,294,408.37,1.39,TRUE,FALSE,FALSE,2023 March 31,,,6.95,35.41314455,-106.7324058,SEZ
SEZ 35.2,SEZ,368.2,35.2,35.2,-7.7,-4.03,2955.89,299,485.54,1.62,TRUE,FALSE,FALSE,2023 April 4,,,6.95,35.41314455,-106.7324058,SEZ
SEZ 36,SEZ,369,36,36,-8.08,-3.99,2730.78,330,580.05,1.76,TRUE,FALSE,FALSE,2024 Nov 07,,,6.95,35.41314455,-106.7324058,SEZ
SEZ 36.5,SEZ,369.5,36.5,36.5,-7.33,-3.75,343.22,295,4125.61,13.99,TRUE,TRUE,TRUE,2023 March 31,,,6.95,35.41314455,-106.7324058,SEZ
SEZ 36.6,SEZ,369.6,36.6,36.6,-6.88,-5.2,4215.67,292,332.47,1.14,FALSE,FALSE,FALSE,2023 April 4,,,6.95,35.41314455,-106.7324058,SEZ
SEZ 36.8,SEZ,369.8,36.8,36.8,-9.91,-4.87,4165.33,866,997.95,1.15,FALSE,FALSE,FALSE,2024 Nov 15,-9.91,-4.87,6.95,35.41314455,-106.7324058,SEZ
SEZ 37.5,SEZ,370.5,37.5,37.5,-8.07,-3.98,3482.11,308,424.57,1.38,TRUE,FALSE,FALSE,2023 April 4,,,6.95,35.41314455,-106.7324058,SEZ
SEZ 38.7,SEZ,371.7,38.7,38.7,-8.26,-3.06,3582,310,415.41,1.34,TRUE,FALSE,FALSE,2023 April 4,,,6.95,35.41314455,-106.7324058,SEZ
SEZ 39.5,SEZ,372.5,39.5,39.5,-8.59,-2.07,3423.22,292,409.44,1.4,TRUE,FALSE,FALSE,2023 April 4,,,6.95,35.41314455,-106.7324058,SEZ
SEZ 39.8,SEZ,372.8,39.8,39.8,-8.36,-2.95,3602.44,304,405.06,1.33,TRUE,FALSE,FALSE,2023 April 4,,,6.95,35.41314455,-106.7324058,SEZ
SEZ 40.4,SEZ,373.4,40.4,40.4,-8.46,-2.85,3810.78,307,386.69,1.26,TRUE,FALSE,FALSE,2023 April 4,,,6.95,35.41314455,-106.7324058,SEZ
SEZ 41,SEZ,374,41,41,-7.74,-2.99,3225.56,292,434.53,1.49,TRUE,FALSE,FALSE,2023 April 4,,,6.95,35.41314455,-106.7324058,SEZ
SEZ 42.2,SEZ,375.2,42.2,42.2,-7.5,-3.3,3718,298,384.72,1.29,TRUE,FALSE,FALSE,2023 April 4,,,6.95,35.41314455,-106.7324058,SEZ
SEZ 42.7,SEZ,375.7,42.7,42.7,-7.7,-3.17,3710.33,291,376.46,1.29,TRUE,FALSE,FALSE,2023 April 4,,,6.95,35.41314455,-106.7324058,SEZ
SEZ 44.7,SEZ,377.7,44.7,44.7,-8.38,-3.99,3949.11,299,363.42,1.22,FALSE,FALSE,FALSE,2023 April 4,,,6.95,35.41314455,-106.7324058,SEZ
SEZ 45.4,SEZ,378.4,45.4,45.4,-7.47,-3.36,4232.78,303,343.6,1.13,FALSE,FALSE,FALSE,2023 April 4,,,6.95,35.41314455,-106.7324058,SEZ
SEZ 47.8,SEZ,380.8,47.8,47.8,-7.68,-3.98,584.67,304,2495.78,8.21,TRUE,TRUE,TRUE,2023 April 4,,,6.95,35.41314455,-106.7324058,SEZ
SEZ 48.8,SEZ,381.8,48.8,48.8,-9.12,-4.1,2765.33,301,522.47,1.74,TRUE,FALSE,FALSE,2023 April 4,,,6.95,35.41314455,-106.7324058,SEZ
SEZ 49.9,SEZ,382.9,49.9,49.9,-8.42,-3.52,2931.33,295,483.06,1.64,TRUE,FALSE,FALSE,2023 April 4,,,6.95,35.41314455,-106.7324058,SEZ
SEZ 50.8,SEZ,383.8,50.8,50.8,-7.35,-4.74,442.89,294,3186.35,10.84,TRUE,TRUE,TRUE,2023 April 4,,,6.95,35.41314455,-106.7324058,SEZ
SEZ 51.5,SEZ,384.5,51.5,51.5,-8.63,-3.07,3597.56,291,388.26,1.33,TRUE,FALSE,FALSE,2023 April 4,,,6.95,35.41314455,-106.7324058,SEZ
SEZ 51.8,SEZ,384.8,51.8,51.8,-9.36,-4.29,3298.56,310,451.11,1.46,TRUE,FALSE,FALSE,2023 April 4,,,6.95,35.41314455,-106.7324058,SEZ
SEZ 53,SEZ,386,53,53,-8.14,-3.46,4091.89,732,858.67,1.17,FALSE,FALSE,FALSE,2024 Nov 15,-8.14,-3.46,6.95,35.41314455,-106.7324058,SEZ
SEZ 57.5,SEZ,390.5,57.5,57.5,-8.01,-3.82,3383.78,290,411.37,1.42,TRUE,FALSE,FALSE,2023 April 4,,,6.95,35.41314455,-106.7324058,SEZ
SEZ 58.4a,SEZ,391.4,58.4,58.4,-7.72,-3.15,2659,296,534.34,1.81,TRUE,FALSE,FALSE,2023 April 4,,,6.95,35.41314455,-106.7324058,SEZ
SEZ 58.4b,SEZ,391.4,58.4,58.4,-8.1,-3.43,4469.44,1028,1104.03,1.07,FALSE,FALSE,FALSE,2024 Nov 15,-8.1,-3.43,6.95,35.41314455,-106.7324058,SEZ
SEZ 64.4,SEZ,397.4,64.4,64.4,-8.02,-3.43,2540,354,668.98,1.89,TRUE,FALSE,FALSE,2024 Oct 19,,,6.95,35.41314455,-106.7324058,SEZ
SEZ 66,SEZ,399,66,66,-8.41,-2.79,3347.33,332,476.08,1.43,FALSE,FALSE,FALSE,2024 Nov 07,,,6.95,35.41314455,-106.7324058,SEZ
SEZ 67.9,SEZ,400.9,67.9,67.9,-8.5,-3.01,4126,340,395.54,1.16,FALSE,FALSE,FALSE,2024 Nov 15,,,6.95,35.41314455,-106.7324058,SEZ
SEZ 68.5,SEZ,401.5,68.5,68.5,-8.28,-3.43,5444.89,978,862.17,0.88,FALSE,FALSE,FALSE,2024 Nov 19,-8.28,-3.43,6.95,35.41314455,-106.7324058,SEZ
SEZ 68.7,SEZ,401.7,68.7,68.7,-9.25,-3.43,3309.44,348,504.74,1.45,FALSE,FALSE,FALSE,2024 Nov 07,,,6.95,35.41314455,-106.7324058,SEZ
SEZ 69.1,SEZ,402.1,69.1,69.1,-7.67,-3.72,4116.78,369,430.24,1.17,FALSE,FALSE,FALSE,2024 Nov 07,,,6.95,35.41314455,-106.7324058,SEZ
SEZ 70.3,SEZ,403.3,70.3,70.3,-5.09,-2.17,6567.56,355,259.46,0.73,TRUE,FALSE,FALSE,2024 Mar 28,-5.17,-2.155,6.95,35.41314455,-106.7324058,SEZ
SEZ 70.3,SEZ,403.3,70.3,70.3,-5.25,-2.14,5085.67,369,348.27,0.94,FALSE,FALSE,FALSE,2024 Oct 3,-5.17,-2.155,6.95,35.41314455,-106.7324058,SEZ
SEZ 71.2,SEZ,404.2,71.2,71.2,-6.02,-2.36,5878.44,371,302.94,0.82,FALSE,FALSE,FALSE,2024 Nov 15,,,6.95,35.41314455,-106.7324058,SEZ
SEZ 74.9,SEZ,407.9,74.9,74.9,-7.67,-4.13,598.67,284,2277.06,8.02,TRUE,TRUE,TRUE,2024 Mar 08,,,6.95,35.41314455,-106.7324058,SEZ
SEZ 75,SEZ,408,75,75,-8.76,-4.4,5331.56,334,300.7,0.9,FALSE,FALSE,FALSE,2024 Mar 28,,,6.95,35.41314455,-106.7324058,SEZ
SEZ 75.9,SEZ,408.9,75.9,75.9,-6.63,-3.77,5083.44,336,317.27,0.94,FALSE,FALSE,FALSE,2024 Mar 28,,,6.95,35.41314455,-106.7324058,SEZ
SEZ 76.2,SEZ,409.2,76.2,76.2,-8.71,-4.71,5279.44,938,852.82,0.91,FALSE,FALSE,FALSE,2024 Nov 19,-8.71,-4.71,6.95,35.41314455,-106.7324058,SEZ
SEZ 76.9,SEZ,409.9,76.9,76.9,-7.17,-3.77,3477.67,360,496.88,1.38,FALSE,FALSE,FALSE,2024 Nov 07,,,6.95,35.41314455,-106.7324058,SEZ
SEZ 77.4,SEZ,410.4,77.4,77.4,-7.84,-4.16,5203.78,345,318.23,0.92,FALSE,FALSE,FALSE,2024 Oct 3,-8.015,-4.15,6.95,35.41314455,-106.7324058,SEZ
SEZ 77.4,SEZ,410.4,77.4,77.4,-8.19,-4.14,6943.22,365,252.33,0.69,TRUE,FALSE,FALSE,2024 Apr 04,-8.015,-4.15,6.95,35.41314455,-106.7324058,SEZ
SEZ 78.4,SEZ,411.4,78.4,78.4,-8.4,-3.76,2789.33,348,598.85,1.72,TRUE,FALSE,FALSE,2024 Oct 19,,,6.95,35.41314455,-106.7324058,SEZ
SEZ 79.3,SEZ,412.3,79.3,79.3,-7.88,-4.61,4775.33,352,353.82,1.01,FALSE,FALSE,FALSE,2024 Oct 19,,,6.95,35.41314455,-106.7324058,SEZ
SEZ 82.2,SEZ,415.2,82.2,82.2,-9.4,-5.07,5566,363,313.04,0.86,FALSE,FALSE,FALSE,2024 Oct 3,-9.61,-5.125,6.95,35.41314455,-106.7324058,SEZ
SEZ 82.2,SEZ,415.2,82.2,82.2,-9.82,-5.18,7076.44,369,250.3,0.68,TRUE,FALSE,FALSE,2024 Mar 28,-9.61,-5.125,6.95,35.41314455,-106.7324058,SEZ
SEZ 82.4,SEZ,415.4,82.4,82.4,-8.8,-4.65,4226,341,387.32,1.14,FALSE,FALSE,FALSE,2024 Oct 3,-8.85,-4.665,6.95,35.41314455,-106.7324058,SEZ
SEZ 82.4,SEZ,415.4,82.4,82.4,-8.9,-4.68,6364,350,263.98,0.75,FALSE,FALSE,FALSE,2024 Apr 04,-8.85,-4.665,6.95,35.41314455,-106.7324058,SEZ
SEZ 83.7,SEZ,416.7,83.7,83.7,-8.01,-3.84,3192.44,335,503.69,1.5,TRUE,FALSE,FALSE,2024 Apr 04,,,6.95,35.41314455,-106.7324058,SEZ
SEZ 87.2,SEZ,420.2,87.2,87.2,-8.47,-3.71,3022.11,334,530.49,1.59,TRUE,FALSE,FALSE,2024 Oct 3,-8.525,-3.725,6.95,35.41314455,-106.7324058,SEZ
SEZ 87.2,SEZ,420.2,87.2,87.2,-8.58,-3.74,3074,301,470.01,1.56,TRUE,FALSE,FALSE,2024 Mar 28,-8.525,-3.725,6.95,35.41314455,-106.7324058,SEZ
SEZ 88.2,SEZ,421.2,88.2,88.2,-8.72,-4.4,2613.11,318,584.13,1.84,TRUE,FALSE,FALSE,2024 Mar 08,-8.72,-4.4,6.95,35.41314455,-106.7324058,SEZ
SEZ 95.7,SEZ,428.7,95.7,95.7,-7.93,-3.09,5353.89,357,320.07,0.9,FALSE,FALSE,FALSE,2024 Oct 3,-8.08,-3.135,6.95,35.41314455,-106.7324058,SEZ
SEZ 95.7,SEZ,428.7,95.7,95.7,-8.23,-3.18,6621.89,337,244.28,0.72,TRUE,FALSE,FALSE,2024 Apr 04,-8.08,-3.135,6.95,35.41314455,-106.7324058,SEZ
SEZ mod,SEZ,333,,,-8.1,-4.12,5221.56,353,324.5,0.92,FALSE,FALSE,FALSE,2024 Nov 07,,,6.95,35.41314455,-106.7324058,SEZ
SEZe 10.9a,SEZe,448.9,115.9,10.9,-6.56,-4.17,3878.33,366,452.98,1.24,FALSE,FALSE,FALSE,2024 Apr 04,-6.655,-4.135,6.95,35.41108333,-106.7390033,SEZ
SEZe 10.9a,SEZe,448.9,115.9,10.9,-6.75,-4.1,3005.89,342,546.13,1.6,TRUE,FALSE,FALSE,2024 Oct 3,-6.655,-4.135,6.95,35.41108333,-106.7390033,SEZ
SEZe 10.9b,SEZe,448.9,115.9,10.9,-6.81,-4.71,1442,299,995.28,3.33,TRUE,FALSE,TRUE,2024 Mar 08,-6.925,-4.68,6.95,35.41108333,-106.7390033,SEZ
SEZe 10.9b,SEZe,448.9,115.9,10.9,-7.04,-4.65,1473.56,349,1136.84,3.26,TRUE,FALSE,TRUE,2024 Oct 3,-6.925,-4.68,6.95,35.41108333,-106.7390033,SEZ
SEZe 11.4,SEZe,449.4,116.4,11.4,-6.98,-4.82,3838.22,300,375.17,1.25,FALSE,FALSE,FALSE,2024 Mar 08,,,6.95,35.41108333,-106.7390033,SEZ
SEZe 12.0,SEZe,450,117,12,-6.37,-4.57,5368.44,302,270.02,0.89,FALSE,FALSE,FALSE,2024 Mar 08,,,6.95,35.41108333,-106.7390033,SEZ
SEZe 12.8,SEZe,450.8,117.8,12.8,-6.17,-4.6,6253.44,331,254.07,0.77,FALSE,FALSE,FALSE,2024 Apr 04,,,6.95,35.41108333,-106.7390033,SEZ
SEZe 3.8,SEZe,441.8,108.8,3.8,-7.27,-5.99,3683.56,318,414.38,1.3,TRUE,FALSE,FALSE,2024 Mar 08,-7.3,-5.925,6.95,35.41108333,-106.7390033,SEZ
SEZe 3.8,SEZe,441.8,108.8,3.8,-7.33,-5.86,3307,370,537.04,1.45,TRUE,FALSE,FALSE,2024 Oct 3,-7.3,-5.925,6.95,35.41108333,-106.7390033,SEZ
SEZe 9.3,SEZe,447.3,114.3,9.3,-6.37,-4.29,6169.33,355,276.2,0.78,FALSE,FALSE,FALSE,2024 Apr 04,-6.39,-4.29,6.95,35.41108333,-106.7390033,SEZ
SEZe 9.3,SEZe,447.3,114.3,9.3,-6.41,-4.29,5382.44,361,321.94,0.89,FALSE,FALSE,FALSE,2024 Nov 15,-6.39,-4.29,6.95,35.41108333,-106.7390033,SEZ
SEZe 9.6,SEZe,447.6,114.6,9.6,-7.76,-4.61,690.33,296,2058.14,6.95,TRUE,TRUE,TRUE,2024 Mar 08,,,6.95,35.41108333,-106.7390033,SEZ
TYE 23 DUCT 02,DUCT,,,,-16.06,-5.21,4901.89,694,679.57,0.98,FALSE,FALSE,FALSE,2024 Nov 19,-16.06,-5.21,,,,
WAC 55,WAC,606,,55,-7.63,-3.87,,,,,FALSE,FALSE,FALSE,,,,1.5,35.21719,-106.86449,WAC
WAC 54,WAC,605,,54,-7.19,-4.43,,,,,FALSE,FALSE,FALSE,,,,1.52225,35.21719,-106.86449,WAC
WAC 51.5,WAC,602.5,,51.5,-7.78,-4.5,,,,,FALSE,FALSE,FALSE,,,,1.57788,35.21719,-106.86449,WAC
WAC 50,WAC,601,,50,-7.74,-4.53,,,,,FALSE,FALSE,FALSE,,,,1.61125,35.21719,-106.86449,WAC
WAC 45.7,WAC,596.7,,45.7,-6.31,-3.39,,,,,FALSE,FALSE,FALSE,,,,1.70693,35.21719,-106.86449,WAC
WAC 45.5,WAC,596.5,,45.5,-6.56,-4.1,,,,,FALSE,FALSE,FALSE,,,,1.71138,35.21719,-106.86449,WAC
WAC 41,WAC,592,,41,-7.44,-4.74,,,,,FALSE,FALSE,FALSE,,,,1.8115,35.21719,-106.86449,WAC
WAC 32,WAC,583,,32,-8.25,-4.77,,,,,FALSE,FALSE,FALSE,,,,2.6436,35.21719,-106.86449,WAC
WAC 31.5,WAC,582.5,,31.5,-8.34,-5.13,,,,,FALSE,FALSE,FALSE,,,,2.65403,35.21719,-106.86449,WAC
WAC 31,WAC,582,,31,-8.63,-4.86,,,,,FALSE,FALSE,FALSE,,,,2.66447,35.21719,-106.86449,WAC
WAC 30.5,WAC,581.5,,30.5,-7.74,-4.47,,,,,FALSE,FALSE,FALSE,,,,2.6749,35.21719,-106.86449,WAC
WAC 29,WAC,580,,29,-7.81,-4.39,,,,,FALSE,FALSE,FALSE,,,,2.7062,35.21719,-106.86449,WAC
WAC 28.5A,WAC,579.5,,28.5,-8.57,-5.08,,,,,FALSE,FALSE,FALSE,,,,2.71663,35.21719,-106.86449,WAC
WAC 28.5B,WAC,579.5,,28.5,-8.34,-5.48,,,,,FALSE,FALSE,FALSE,,,,2.71663,35.21719,-106.86449,WAC
WAC 24.5,WAC,575.5,,24.5,-8.45,-6.19,,,,,FALSE,FALSE,FALSE,,,,2.8001,35.21719,-106.86449,WAC
WAC 23,WAC,574,,23,-8.71,-5.16,,,,,FALSE,FALSE,FALSE,,,,2.8314,35.21719,-106.86449,WAC
WAC 21,WAC,572,,21,-8.55,-6.74,,,,,FALSE,FALSE,FALSE,,,,2.87313,35.21719,-106.86449,WAC
WAC 20,WAC,571,,20,-8.71,-8.8,,,,,FALSE,FALSE,FALSE,,,,2.894,35.21719,-106.86449,WAC
WAC 18,WAC,569,,18,-8.7,-6.9,,,,,FALSE,FALSE,FALSE,,,,2.93573,35.21719,-106.86449,WAC
WAC 16.5,WAC,567.5,,16.5,-8.04,-6.48,,,,,FALSE,FALSE,FALSE,,,,2.96703,35.21719,-106.86449,WAC
WAC 15.3,WAC,566.3,,15.3,-8.96,-5.81,,,,,FALSE,FALSE,FALSE,,,,2.99207,35.21719,-106.86449,WAC
WAC 14.7,WAC,565.7,,14.7,-8.57,-7.17,,,,,FALSE,FALSE,FALSE,,,,3.00459,35.21719,-106.86449,WAC
WAC 14.5,WAC,565.5,,14.5,-8.17,-7.15,,,,,FALSE,FALSE,FALSE,,,,3.00877,35.21719,-106.86449,WAC
WAC 12.5,WAC,563.5,,12.5,-20.19,-6.48,,,,,FALSE,FALSE,FALSE,,,,3.0505,35.21719,-106.86449,WAC
WAC 11,WAC,562,,11,-9.17,-6.42,,,,,FALSE,FALSE,FALSE,,,,3.0818,35.21719,-106.86449,WAC
WAC 8.5,WAC,559.5,,8.5,-8.82,-5.36,,,,,FALSE,FALSE,FALSE,,,,3.13397,35.21719,-106.86449,WAC
WAC 7.5,WAC,558.5,,7.5,-8.13,-5.16,,,,,FALSE,FALSE,FALSE,,,,3.15483,35.21719,-106.86449,WAC
WAC 6,WAC,557,,6,-8.17,-4.33,,,,,FALSE,FALSE,FALSE,,,,3.18613,35.21719,-106.86449,WAC
WAC 5,WAC,556,,5,-5.25,-2.74,,,,,FALSE,FALSE,FALSE,,,,3.207,35.21719,-106.86449,WAC
WAC 2,WAC,553,,2,-8.03,-4.17,,,,,FALSE,FALSE,FALSE,,,,3.2696,35.21719,-106.86449,WAC
WAC 1.9,WAC,552.9,,1.9,-8.24,-4.5,,,,,FALSE,FALSE,FALSE,,,,3.27169,35.21719,-106.86449,WAC
WAC 1,WAC,552,,1,-7.33,-3.84,,,,,FALSE,FALSE,FALSE,,,,3.29047,35.21719,-106.86449,WAC
WAC 0.8,WAC,551.8,,0.8,-12.42,-5.44,,,,,FALSE,FALSE,FALSE,,,,3.29464,35.21719,-106.86449,WAC
WAC 0,WAC,551,,0,-8.01,-4.5,,,,,FALSE,FALSE,FALSE,,,,3.31133,35.21719,-106.86449,WAC
LL19 29,LL19,,157,157,-8.09,-3.97,,,,,FALSE,FALSE,FALSE,,,,2.60875556,34.80416,-106.80586,LL19
LL19 30,LL19,,159,159,-6.76,-3.84,,,,,FALSE,FALSE,FALSE,,,,2.59025185,34.80416,-106.80586,LL19
LL19 31,LL19,,160,160,-8.23,-4.16,,,,,FALSE,FALSE,FALSE,,,,2.581,34.80416,-106.80586,LL19
LL19 32A,LL19,,162,162,-7.28,-3.58,,,,,FALSE,FALSE,FALSE,,,,2.5624963,34.80416,-106.80586,LL19
LL19 32B,LL19,,162.1,162.1,-8.88,-5.22,,,,,FALSE,FALSE,FALSE,,,,2.56157111,34.80416,-106.80586,LL19
LL19 33,LL19,,162.5,162.5,-8.42,-4.58,,,,,FALSE,FALSE,FALSE,,,,2.55787037,34.80416,-106.80586,LL19
LL19 34,LL19,,163.5,163.5,-8.72,-5.2,,,,,FALSE,FALSE,FALSE,,,,2.54861852,34.80416,-106.80586,LL19
LL19 35,LL19,,163.6,163.6,-7.01,-3.63,,,,,FALSE,FALSE,FALSE,,,,2.54769333,34.80416,-106.80586,LL19
LL19 36,LL19,,161.1,161.1,-7.65,-4.14,,,,,FALSE,FALSE,FALSE,,,,2.57082296,34.80416,-106.80586,LL19
LL19 38,LL19,,162.1,162.1,-6.97,-3.99,,,,,FALSE,FALSE,FALSE,,,,2.56157111,34.80416,-106.80586,LL19
LL19 38B,LL19,,164.5,164.5,-6.79,-4.14,,,,,FALSE,FALSE,FALSE,,,,2.53936667,34.80416,-106.80586,LL19
LL19 39,LL19,,165.5,165.5,-6.53,-3.74,,,,,FALSE,FALSE,FALSE,,,,2.53011481,34.80416,-106.80586,LL19
LL19 40,LL19,,190,190,-6.96,-5.1,,,,,FALSE,FALSE,FALSE,,,,2.30344444,34.80416,-106.80586,LL19
LL19 41,LL19,,191,191,-7.04,-5.58,,,,,FALSE,FALSE,FALSE,,,,2.29419259,34.80416,-106.80586,LL19
LL19 42,LL19,,193,193,-6.64,-4.96,,,,,FALSE,FALSE,FALSE,,,,2.27568889,34.80416,-106.80586,LL19
LL19 43,LL19,,195,195,-6.65,-4.97,,,,,FALSE,FALSE,FALSE,,,,2.25718519,34.80416,-106.80586,LL19
LL19 100,LL19,,126,126,-8.08,-5.11,,,,,FALSE,FALSE,FALSE,,,,2.89556296,34.80416,-106.80586,LL19
LL19 103,LL19,,129,129,-6.47,-5.73,,,,,FALSE,FALSE,FALSE,,,,2.86780741,34.80416,-106.80586,LL19
LL19 104,LL19,,130,130,-7.14,-5.42,,,,,FALSE,FALSE,FALSE,,,,2.85855556,34.80416,-106.80586,LL19
LL19 106,LL19,,132,132,-8.12,-4.96,,,,,FALSE,FALSE,FALSE,,,,2.84005185,34.80416,-106.80586,LL19
LL19 109,LL19,,135,135,-7.95,-5.11,,,,,FALSE,FALSE,FALSE,,,,2.8122963,34.80416,-106.80586,LL19
LL19 124A,LL19,,150,150,-8,-4.71,,,,,FALSE,FALSE,FALSE,,,,2.67351852,34.80416,-106.80586,LL19
LL19 124B,LL19,,150,150,-7.97,-4.76,,,,,FALSE,FALSE,FALSE,,,,2.67351852,34.80416,-106.80586,LL19
CH 1,CH,,4.5,4.5,-13.35,-5.14,,,,,FALSE,FALSE,FALSE,,,,11.8125,36.09071,-106.1529,CH
CH 2,CH,,4.6,4.6,-13.96,-7.09,,,,,FALSE,FALSE,FALSE,,,,11.8083333,36.09071,-106.1529,CH
CH 3,CH,,6.5,6.5,-12.78,-6.32,,,,,FALSE,FALSE,FALSE,,,,11.7291667,36.09071,-106.1529,CH
CH 4,CH,,8,8,-11.91,-0.58,,,,,FALSE,FALSE,FALSE,,,,11.6666667,36.09071,-106.1529,CH
CH 5A,CH,,11.5,11.5,-13.72,-5.69,,,,,FALSE,FALSE,FALSE,,,,11.5208333,36.09071,-106.1529,CH
CH 5B,CH,,11.5,11.5,-13.94,-6.53,,,,,FALSE,FALSE,FALSE,,,,11.5208333,36.09071,-106.1529,CH
CH 6,CH,,12.9,12.9,-12.58,-6.68,,,,,FALSE,FALSE,FALSE,,,,11.4625,36.09071,-106.1529,CH
CH 7 frac,CH,,13.75,13.75,-13.48,-6.28,,,,,FALSE,FALSE,FALSE,,,,11.4270833,36.09071,-106.1529,CH
CH 7,CH,,13.75,13.75,-13.79,-6.01,,,,,FALSE,FALSE,FALSE,,,,11.4270833,36.09071,-106.1529,CH
CH 8,CH,,16.75,16.75,-8.72,-5.01,,,,,FALSE,FALSE,FALSE,,,,11.3020833,36.09071,-106.1529,CH
CH 9,CH,,17,17,-12.85,-6.27,,,,,FALSE,FALSE,FALSE,,,,11.2916667,36.09071,-106.1529,CH
CH 10B,CH,,17.5,17.5,-13.82,-6.76,,,,,FALSE,FALSE,FALSE,,,,11.2708333,36.09071,-106.1529,CH
CH 10B-RC,CH,,17.5,17.5,-13.48,-5.93,,,,,FALSE,FALSE,FALSE,,,,11.2708333,36.09071,-106.1529,CH
CH 10,CH,,18.5,18.5,-11.72,-3.03,,,,,FALSE,FALSE,FALSE,,,,11.2291667,36.09071,-106.1529,CH
CH 11,CH,,19,19,-12.52,-5.98,,,,,FALSE,FALSE,FALSE,,,,11.2083333,36.09071,-106.1529,CH
12 float,CH,,19,19,-13.53,-6.33,,,,,FALSE,FALSE,FALSE,,,,11.2083333,36.09071,-106.1529,CH
CH 12,CH,,19,19,-13.61,-7.35,,,,,FALSE,FALSE,FALSE,,,,11.2083333,36.09071,-106.1529,CH
CH 13,CH,,20.7,20.7,-14.12,-6.45,,,,,FALSE,FALSE,FALSE,,,,11.1375,36.09071,-106.1529,CH
CH 14,CH,,23.2,23.2,-14.59,-7.29,,,,,FALSE,FALSE,FALSE,,,,11.0333333,36.09071,-106.1529,CH
CH 15,CH,,24.5,24.5,-14.11,-6.27,,,,,FALSE,FALSE,FALSE,,,,10.9791667,36.09071,-106.1529,CH
CH 16,CH,,34,34,-12.13,-7.24,,,,,FALSE,FALSE,FALSE,,,,10.5833333,36.09071,-106.1529,CH
CH 17,CH,,38,38,-11.95,-6.56,,,,,FALSE,FALSE,FALSE,,,,10.4166667,36.09071,-106.1529,CH
CH 18,CH,,38.5,38.5,-11.86,-6.48,,,,,FALSE,FALSE,FALSE,,,,10.3958333,36.09071,-106.1529,CH
CH 19,CH,,39,39,-10.59,-6.65,,,,,FALSE,FALSE,FALSE,,,,10.375,36.09071,-106.1529,CH
CH 20,CH,,39.2,39.2,-13.56,-6.65,,,,,FALSE,FALSE,FALSE,,,,10.3666667,36.09071,-106.1529,CH
CH 21 RC,CH,,39.3,39.3,-12.83,-6.07,,,,,FALSE,FALSE,FALSE,,,,10.3625,36.09071,-106.1529,CH
CH 21,CH,,39.3,39.3,-12.63,-6.99,,,,,FALSE,FALSE,FALSE,,,,10.3625,36.09071,-106.1529,CH
CH 22,CH,,43.3,43.3,-13.2,-6.71,,,,,FALSE,FALSE,FALSE,,,,10.1958333,36.09071,-106.1529,CH
CH 23,CH,,41.8,41.8,-13.25,-6.53,,,,,FALSE,FALSE,FALSE,,,,10.2583333,36.09071,-106.1529,CH
CH 24A,CH,,40.5,40.5,-12.69,-5.84,,,,,FALSE,FALSE,FALSE,,,,10.3125,36.09071,-106.1529,CH
CH 24B,CH,,40.5,40.5,-12.08,-5.6,,,,,FALSE,FALSE,FALSE,,,,10.3125,36.09071,-106.1529,CH
CH 24C,CH,,41,41,-11.98,-5.74,,,,,FALSE,FALSE,FALSE,,,,10.2916667,36.09071,-106.1529,CH
CH 25,CH,,47.2,47.2,-13.36,-5.63,,,,,FALSE,FALSE,FALSE,,,,10.0333333,36.09071,-106.1529,CH
CH 26,CH,,47.5,47.5,-14.2,-7.55,,,,,FALSE,FALSE,FALSE,,,,10.0208333,36.09071,-106.1529,CH
WW 1,WW,,3,3,-6.05,-3.22,,,,,FALSE,FALSE,FALSE,,,,7.5,34.6044,-106.0787,WW
WW 2,WW,,3.1,3.1,-6.16,-3.48,,,,,FALSE,FALSE,FALSE,,,,7.5,34.6044,-106.0787,WW
WW 3 TOP,WW,,3.3,3.3,-5.99,-2.88,,,,,FALSE,FALSE,FALSE,,,,7.5,34.6044,-106.0787,WW
WW 4,WW,,3.5,3.5,-5.72,-2.18,,,,,FALSE,FALSE,FALSE,,,,7.5,34.6044,-106.0787,WW
WW 5,WW,,4,4,-5.62,-1.3,,,,,FALSE,FALSE,FALSE,,,,7.5,34.6044,-106.0787,WW
WW 6,WW,,2.5,2.5,-5.59,-4.33,,,,,FALSE,FALSE,FALSE,,,,7.5,34.6044,-106.0787,WW
WW 7,WW,,1,1,-5.83,-4.33,,,,,FALSE,FALSE,FALSE,,,,7.5,34.6044,-106.0787,WW
WW 8,WW,,0.5,0.5,-6.04,-3.89,,,,,FALSE,FALSE,FALSE,,,,7.5,34.6044,-106.0787,WW
WW 9-2,WW,,0,0,-5.76,-2.85,,,,,FALSE,FALSE,FALSE,,,,7.5,34.6044,-106.0787,WW
WW 9-1,WW,,0,0,-5.67,-2.21,,,,,FALSE,FALSE,FALSE,,,,7.5,34.6044,-106.0787,WW